image_name,captions,Generated,Gemini_generated
65.jpg,"['মঞ্চে নিত্য পরিবেষণ করছে একজন মেয়ে ।', 'মঞ্চে নিত্যমগ্ন একটি মেয়ে ।', 'নিত্য পরিবেষণে মগ্ন সুসজ্জিত একজন রমণী ।', 'মঞ্চ নিত্য পরিবেষণ ।', 'মঞ্চে নিত্য পরিবেষণ করছে একজন নর্তকী ।']","Q: 'মঞ্চে কি ধরনের পরিবেষণ করছে এই মেয়েটি?'
A: 'মেয়েটি মঞ্চে নৃত্য পরিবেষণ করছে।'"," Q: মঞ্চে নিত্য পরিবেশণ করছে কে ?
A: মঞ্চে নিত্য পরিবেশণ করছে একজন নর্তকী ।"
145.jpg,"['কিছু ফুল গাছ দেখা যাচ্ছে ।', 'ঘাসের উপর কিছু ফুল গাছ দেখা যাচ্ছে ।', 'কিছু গাঁদা ফুল গাছ দেখা যাচ্ছে ।', 'গাঁদা ফুল গাছ দেখা যাচ্ছে ।', 'ঘাসের উপর ফুল গাছ দেখা যাচ্ছে ।']","Q: 'ছবিতে কোন ধরনের ফুল গাছ দেখা যাচ্ছে?'
A: 'ছবিতে গাঁদা ফুলের গাছ দেখা যাচ্ছে।'"," Q: ছবিটিতে কি দেখা যাচ্ছে?
A: ছবিটিতে গাঁদা ফুলের গাছ দেখা যাচ্ছে।"
181.jpg,"['একটি ছায়া দেখা যাচ্ছে ।', 'একটি ছায়া হাত উপরে করে দাঁড়িয়ে আছে ।', 'একটি ছেলের ছায়া দেখা যাচ্ছে ।', 'ছায়ার মধ্যে একটি ছেলে দেখা যাচ্ছে ।', 'ছায়ার মধ্যে শার্ট পরা একটি ছেলে দেখা যাচ্ছে ।']","Q: 'ছবিতে দেখা যাচ্ছে ছায়াটি কি করছে?'
A: 'ছায়াটি হাত উঠিয়ে দাঁড়িয়ে আছে।'",
184.jpg,"['একটি ছেলে দেখা যাচ্ছে ।', 'কাপড়ের পিছনে একটি ছেলে দাঁড়িয়ে আছে ।', 'একটি শার্ট পরা ছেলে দেখা যাচ্ছে ।', 'কাপড়ের পিছনে একটি ছেলে দেখা যাচ্ছে ।', 'কাপড়ের পিছনে শার্ট পরা একটি ছেলে দেখা যাচ্ছে ।']","Q: ছবিতে ছেলেটি কোন ধরনের পোশাক পরে আছে?
A: ছেলেটি একটি শার্ট পরে আছে।",
190.jpg,"['প্রাতিষ্ঠানিক একটি অনুষ্ঠান ।', 'প্রাতিষ্ঠানিক কোন একটি অনুষ্ঠান ।', 'প্রাতিষ্ঠানিক একটি অনুষ্ঠানের ছবি ।', 'প্রাতিষ্ঠানিক কোন একটি অনুষ্ঠানের ছবি ।', 'প্রাতিষ্ঠানিক একটি অনুষ্ঠান ।']","Q: 'এই ছবিতে দেখা যায় যে লোকজন কোন ধরণের অনুষ্ঠান দেখছে?'
A: 'ছবিতে লোকজন একটি ভিডিও প্রদর্শনী দেখছে, যা একটি প্রাতিষ্ঠানিক অনুষ্ঠানের অংশ।'"," Q: ছবিতে কি দেখা যাচ্ছে?
A: ছবিতে একটি প্রাতিষ্ঠানিক অনুষ্ঠান দেখা যাচ্ছে।"
205.jpg,"['একটি পাহাড় দেখা যাচ্ছে ।', 'একটি পাহাড় এর উপর কিছু গাছপালা দেখা যাচ্ছে ।', 'একটি পাহাড়ে সিঁড়ি দেখা যাচ্ছে ।', 'পাহাড়ের সিঁড়ির উপর একটি পানির বোতল দেখা যাচ্ছে ।', 'একটি পাহাড় এবং কিছু গাছপালা দেখা যাচ্ছে ।']","Q: 'ছবিতে পাহাড়ের সিঁড়ির উপর কি জিনিসটি দেখা যাচ্ছে?'
A: 'পাহাড়ের সিঁড়ির উপর একটি পানির বোতল দেখা যাচ্ছে।'"," Q: ছবিটিতে কি দেখা যাচ্ছে?
A: ছবিটিতে একটি পাহাড় দেখা যাচ্ছে। পাহাড়টির উপরে কিছু গাছপালা এবং একটি সিঁড়ি রয়েছে। সিঁড়ির উপরে একটি পানির বোতল রয়েছে। পাহাড়ের পাশে কিছু গাছপালা রয়েছে।"
219.jpg,"['বহুতল বিশিষ্ট কিছু দালান দেখা যাচ্ছে ।', 'মেঘলা আকাশের দৃশ্য দেখা যাচ্ছে ।', 'কিছু গাছপালা এবং মেঘলা আকাশের দৃশ্য দেখা যাচ্ছে ।', 'মেঘলা আকাশ এবং বহুতল বিশিষ্ট কিছু দালান দেখা যাচ্ছে ।', 'বহুতল বিশিষ্ট কিছু দালান এবং গাছপালা দেখা যাচ্ছে ।']","Q: 'ছবিতে আকাশের অবস্থা কী?'
A: 'ছবিতে আকাশ মেঘলা দেখা যাচ্ছে।'"," Q: ছবিটিতে কি দেখা যাচ্ছে?
A: ছবিটিতে মেঘলা আকাশ এবং কিছু দালান দেখা যাচ্ছে।"
220.jpg,"['কিছু নাস্তার প্লেট দেখা যাচ্ছে ।', 'একটি ফ্লোর ম্যাট এর উপর কিছু নাস্তার প্লেট দেখা যাচ্ছে ।', 'একটি ফ্লোর ম্যাট এর উপর দুটি ডেকচি এবং কিছু নাস্তার প্লেট দেখা যাচ্ছে ।', 'একটি ফ্লোর ম্যাট এর উপর কিছু নাস্তার প্লেট এবং সালাদ দেখা যাচ্ছে ।', 'একটি ফ্লোর ম্যাট এর উপর কিছু নাস্তার প্লেট এবং প্যাকেট দেখা যাচ্ছে ।']","Q: 'ছবিতে নাস্তার প্লেটগুলি কোথায় রাখা হয়েছে?'
A: 'নাস্তার প্লেটগুলি একটি ফ্লোর ম্যাট এর উপর রাখা হয়েছে।'"," Q: ছবিটিতে কি কি দেখা যাচ্ছে ?
A: ছবিটিতে একটি ফ্লোর ম্যাটের উপর কিছু নাস্তার প্লেট, দুটি ডেকচি এবং কিছু প্যাকেট দেখা যাচ্ছে।"
382.jpg,"['একটি বাটিতে অনেকগুলো পুলি পিঠা দেখা যাচ্ছে ।', 'বাটিতে পুলি পিঠা দেখা যাচ্ছে ।', 'একটি বাটিতে অনেকগুলো সুস্বাদু পুলি পিঠা দেখা যাচ্ছে ।', 'বাটিতে সুস্বাদু পুলি পিঠা দেখা যাচ্ছে ।', 'সুস্বাদু পুলি পিঠা পরিবেশিত দেখা যাচ্ছে ।']","Q: 'ছবিতে কোন ধরনের পিঠা দেখা যাচ্ছে?'
A: 'ছবিতে পুলি পিঠা দেখা যাচ্ছে।'"," Q: এটি কি?
A: এটি পুলি পিঠা।"
396.jpg,"['রাতের আলোকিত ব্যস্ত একটি রাস্তা ।', 'কৃত্রিম আলোয় আলোকিত ব্যস্ত একটি রাস্তা ।', 'রাতের আলোকিত ব্যস্ত সড়ক ।', 'কৃত্রিম আলোয় আলোকিত ব্যস্ত সড়ক ।', 'আলোকিত ব্যস্ত একটি রাস্তা ।']","Q: 'ছবিতে দেখা যাচ্ছে, রাতের বেলা যে রাস্তাটি আলোকিত ও ব্যস্ত, তা কীভাবে আলোকিত হয়েছে?'
A: 'ছবিতে দেখা যাচ্ছে যে রাস্তাটি কৃত্রিম আলোয় আলোকিত হয়েছে।'"," Q: রাতের আলোকিত ব্যস্ত এই সড়কটি কোথায় অবস্থিত?
A: এই সড়কটি ঢাকার বিমানবন্দর সড়ক।"
427.jpg,"['একটি হলুদ টি শার্টের ছবি দেখা যাচ্ছে ।', 'টি শার্টে একটি লোগো দেখা যাচ্ছে ।', 'টি শার্ট পরা একজন মানুষ দেখা যাচ্ছে ।', 'হলুদ টি শার্ট পরা একজন মানুষ দেখা যাচ্ছে ।', 'টি শার্ট পরা একজন মানুষের পাশে আর কিছু মানুষ দেখা যাচ্ছে ।']","Q: 'ছবিতে দেখা যাওয়া হলুদ টি শার্টের উপর কোন ধরনের লোগো রয়েছে?'
A: 'হলুদ টি শার্টে একটি গোলাকার লোগো রয়েছে যাতে কালো এবং সাদা রঙের লেখা দেখা যাচ্ছে।'"," Q: ছবিতে কি দেখা যাচ্ছে?
A: ছবিতে একজন মানুষকে হলুদ রঙের টি-শার্ট পরা দেখা যাচ্ছে। টি-শার্টে কালো রঙের একটি লোগো আছে। লোগোর ভিতরে 'CO' লেখা আছে। টি-শার্ট পরা মানুষটির পাশে আরও কিছু মানুষ দাঁড়িয়ে আছে।"
442.jpg,"['কিছু কবুতর দেখা যাচ্ছে ।', 'পাথরের উপর কিছু কবুতর দেখা যাচ্ছে ।', 'কিছু বন্য কবুতর দেখা যাচ্ছে ।', 'কিছু ছাই রঙের কবুতর দেখা যাচ্ছে ।', 'পাথরের পাহাড়ের উপর কিছু কবুতর দেখা যাচ্ছে ।']","Q: 'এই ছবিতে কবুতরগুলি কোন জায়গায় বসে আছে?'
A: 'পাথরের পাহাড়ের উপরে কবুতরগুলি বসে আছে।'"," Q: পাথরের উপর কি কি দেখা যাচ্ছে?
A: পাথরের উপর কবুতর দেখা যাচ্ছে।"
462.jpg,"['একটি গাছের দুটি ডাল দেখা যাচ্ছে ।', 'গাছপালা ঘেরা একটি শহর দেখা যাচ্ছে ।', 'একটি শহরের ছবি দেখা যাচ্ছে ।', 'দূরে পাহাড় দেখা যাচ্ছে ।', 'দূরে মেঘ দেখা যাচ্ছে ।']","Q: 'ছবিতে দেখা যাচ্ছে যে শহরটি কিসের দ্বারা ঘেরা?'
A: 'শহরটি গাছপালা দ্বারা ঘেরা।'"," Q: ছবিটিতে কি দেখা যাচ্ছে?
A: ছবিটিতে দুটি গাছের ডাল দেখা যাচ্ছে। গাছের ডাল দুটি আকাশের দিকে উঠে গেছে। গাছের ডাল দুটির মাঝে দিয়ে একটি তারের লাইন দেখা যাচ্ছে। তারের লাইনের ওপারে একটি শহর দেখা যাচ্ছে। শহরটিতে অনেকগুলি বাড়িঘর রয়েছে। বাড়িঘরগুলির মাঝে দিয়ে একটি রাস্তা দেখা যাচ্ছে। রাস্তার দুপাশে গাছ রয়েছে। শহরটির পেছনে পাহাড় দেখা যাচ্ছে। পাহাড়টিতে অনেকগুলি গাছ রয়েছে। পাহাড়ের উপরে আকাশ দেখা যাচ্ছে। আকাশে মেঘ রয়েছে।"
491.jpg,"['সমুদ্রের ঢেউ দেখা যাচ্ছে ।', 'সমুদ্রের ঘোলাটে পানি দেখা যাচ্ছে ।', 'সমুদ্রের ঢেউ সৈকত থেকে দেখা যাচ্ছে ।', 'সমুদ্র থেকে দূরে মেঘলা আকাশ দেখা যাচ্ছে ।', 'সমুদ্রের ঢেউ দেখা যাচ্ছে ।']","Q: 'ছবিতে দেখা সমুদ্রের এই অবস্থা কি কোনো আবহাওয়াগত পরিবর্তনের ইঙ্গিত দেয়?'
A: 'হ্যাঁ, ছবিতে দেখা সমুদ্রের ঘোলাটে পানি এবং মেঘলা আকাশ হয়তো আবহাওয়ার পরিবর্তন বা ঝড়ের ইঙ্গিত দেয়।'"," Q: সমুদ্রের পানি কেমন দেখাচ্ছে?
A: সমুদ্রের পানি ঘোলা দেখাচ্ছে।"
533.jpg,"['একটি ফুলগাছের ছবি দেখা যাচ্ছে ।', 'ফুল গাছের লাল ফুল দেখা যাচ্ছে ।', 'ফুলগাছের আশেপাশে কিছু বড় গাছপালা দেখা যাচ্ছে ।', 'ফুলগাছের নিচে সবুজ ঘাস দেখা যাচ্ছে ।', 'ফুলগাছ ও কিছু বড় গাছ দেখা যাচ্ছে ।']","Q: 'ছবিতে দেখা ফুলগাছটির ফুলের রং কি?'
A: 'ফুলের রং লাল।'"," Q: ছবিটিতে কি দেখা যাচ্ছে?
A: ছবিটিতে একটি ফুলগাছ দেখা যাচ্ছে। গাছে লাল রঙের ফুল ফুলেছে। ফুলগাছের আশেপাশে কিছু বড় গাছপালা এবং নিচে সবুজ ঘাস দেখা যাচ্ছে।"
547.jpg,"['একটি ধানক্ষেতের ছবি দেখা যাচ্ছে ।', 'ধানক্ষেতের পাশে একটি ঘর দেখা যাচ্ছে ।', 'ধানক্ষেতের চারপাশে গাছপালা দেখা যাচ্ছে ।', 'একটি গাড় সবুজ ধানক্ষেতের ছবি দেখা যাচ্ছে ।', 'ধানক্ষেতের উপরে পড়ন্ত বিকেলের আকাশ দেখা যাচ্ছে ।']","Q: 'ছবিতে ধানক্ষেতের পাশে কি দেখা যাচ্ছে?'
A: 'ধানক্ষেতের পাশে একটি ঘর দেখা যাচ্ছে।'"," Q: ছবিটিতে কি দেখা যাচ্ছে?
A: ছবিটিতে একটি ধানক্ষেত দেখা যাচ্ছে। ধানক্ষেতের পাশে একটি ঘর এবং কিছু গাছপালা দেখা যাচ্ছে। ধানক্ষেতের উপরে পড়ন্ত বিকেলের আকাশ দেখা যাচ্ছে।"
591.jpg,"['একটি টেবিলের উপর একটি বাটি আছে ।', 'বাটিতে রাইস জাতিয় খাবার দেখা যাচ্ছে ।', 'বাটিতে একটি চামচ দেখা যাচ্ছে ।', 'বাটিতে চামচ ও রাইস দেখা যাচ্ছে ।', 'একটি টেবিলে ম্যাটের উপর একটি বাটি দেখা যাচ্ছে ।']","Q: 'বাটিতে কোন ধরনের খাবার আছে?'
A: 'বাটিতে রাইস জাতিয় খাবার আছে, যাতে মাংস এবং সবজির টুকরো দেখা যাচ্ছে। খাবারটি উপর থেকে ধনিয়াপাতা দিয়ে সাজানো হয়েছে।'"," Q: ছবিটিতে কি দেখা যাচ্ছে ?
A: ছবিটিতে একটি টেবিলের উপর একটি বাটি রাইস দেখা যাচ্ছে । বাটিতে একটি চামচ ও রাইস রয়েছে ।"
659.jpg,"['কিছু খাবার দেখা যাচ্ছে ।', 'একটি প্লেট এ খাবার গুলো পরিবেশন করা হয়েছে ।', '৪ পদ এর খাবার দেখা যাচ্ছে ।', 'প্লেট টি একটি টেবিল এ রাখা আছে ।', 'কিছু মরিচ এর টুকরো দেখা যাচ্ছে ।']","Q: 'প্লেটে কি কি ধরনের খাবার পরিবেশন করা হয়েছে?'
A: 'প্লেটে চার পদের খাবার রয়েছে: গ্রিল করা চিকেন, ভাজা আলু, ফ্রাইড রাইস এবং কিছু মরিচের টুকরো।'"," Q: ছবিটিতে কি কি দেখা যাচ্ছে ?
A: ছবিটিতে একটি প্লেটে পরিবেশিত চার পদের খাবার দেখা যাচ্ছে। প্লেটে একটি গ্রিল করা মুরগির পা, ভাত, আলুর চিপস এবং কিছু মরিচের টুকরো রয়েছে।"
673.jpg,"['একটি রাস্তার কিছু অংশ দেখা যাচ্ছে ।', 'একজন এর হাত দৃশ্যমান ।', 'হাত এ একটি খাবার দেখা যাচ্ছে ।', 'একটি ছোট বাটিতে খাবারটি দেখা যাচ্ছে ।', 'কিছু চানাচুর এর মত আছে ।']","Q: 'ছবিতে কোন ধরনের খাবার দেখা যাচ্ছে?'
A: 'ছবিতে একটি বাটিতে চানাচুর, সস এবং ভাজা খাবার দেখা যাচ্ছে, যা সাধারণত স্ট্রিট ফুড হিসেবে পরিচিত।'"," Q: ছবিটিতে কি দেখা যাচ্ছে?
A: ছবিটিতে একজনের হাতে একটি প্লেটে রাখা চানাচুর দেখা যাচ্ছে।"
738.jpg,"['অনেক ধরনের মশলা দেখা যাচ্ছে ।', 'বিভিন্ন ধরনের ডাল দৃশ্যমান ।', 'কিছু হলুদ্গুড়া দেখা যাচ্ছে ।', 'অনেকগুলো পাত্রতে বিভিন্ন মশলা দেখা যাচ্ছে ।', 'কিছু লাল এবং সবুজ রঙের পাত্র দেখা যাচ্ছে ।']","Q: 'ছবিতে কত ধরনের মশলা এবং ডাল দেখা যাচ্ছে?'
A: 'ছবিতে বিভিন্ন ধরনের ডাল ও অনেক ধরনের মশলা দেখা যাচ্ছে, যেমন হলুদ্গুড়া, কালো বীজ এবং অন্যান্য মশলার পাত্র।'"," Q: ছবিতে কী দেখা যাচ্ছে?
A: ছবিতে বিভিন্ন ধরনের মশলা, ডাল এবং হলুদ্গুড়া দেখা যাচ্ছে। এগুলি ছাড়াও কিছু লাল এবং সবুজ রঙের পাত্রও দেখা যাচ্ছে।"
774.jpg,"['একটি কুকুর দৃশ্যমান ।', 'একটি বানর দৃশ্যমান ।', 'একটি সাদা বর্ণের কুকুর দৃশ্যমান ।', 'কিছু গাছ দৃশ্যমান ।', 'সিঁড়িতে তিনজন মানুষ দৃশ্যমান ।']","Q: 'ছবিতে কোন প্রাণী দুটি দেখা যাচ্ছে?'
A: 'একটি কুকুর এবং একটি বানর দেখা যাচ্ছে।'"," Q: ছবিতে কী দেখা যাচ্ছে?
A: ছবিতে একটি কুকুর এবং একটি বানরকে দেখা যাচ্ছে। কুকুরটি সাদা রঙের এবং বানরটি বাদামী রঙের। কুকুরটি বানরটিকে দেখে ভয় পেয়েছে এবং বানরটি কুকুরটিকে দেখে আক্রমণ করছে।"
804.jpg,"['সুন্দর সাদা মেঘের একটি আকাশ দেখা যাচ্ছে ।', 'একটি বিমান বন্দর দেখা যাচ্ছে ।', 'দুইটি বিমান দেখা যাচ্ছে ।', 'বিমান মাঠে কর্মী দেখা যাচ্ছে ।', 'পাহাড়ের সমন্বয়ে গড়ে উঠা একটি সুন্দর সাদা বাড়ি দেখা যাচ্ছে ।']","Q: 'ছবিতে কতগুলি বিমান দেখা যাচ্ছে?'
A: 'দুইটি বিমান দেখা যাচ্ছে।'"," Q: ছবিটি কোথায় তোলা হয়েছে?
A: ছবিটি ভুটানের পারো বিমানবন্দরে তোলা হয়েছে।"
813.jpg,"['সাদা মেঘের আকাশ দেখা যাচ্ছে ।', 'ছোট বড় অনেক গুলো পাহাড় দেখা যাচ্ছে ।', 'পাহাড়ের মধ্য দিয়ে আঁকাবাঁকা রাস্তা দেখা যাচ্ছে ।', 'রাস্তার পাশে ট্রাক্টর এবং কার পার্কিং দেখা যাচ্ছে ।', 'কিছু মানুষ কথা বলছে ।']","Q: 'ছবিটিতে পাহাড়ের মধ্য দিয়ে কেমন রাস্তা দেখা যাচ্ছে?'
A: 'পাহাড়ের মধ্য দিয়ে আঁকাবাঁকা রাস্তা দেখা যাচ্ছে।'"," Q: ছবিটি কোথায় তোলা হয়েছে?
A: ছবিটি ভুটানের একটি পাহাড়ি রাস্তায় তোলা হয়েছে।"
819.jpg,"['সাদা মেঘের আকাশ দেখা যাচ্ছে ।', 'অনেকগুলো পাহাড় দেখা যাচ্ছে ।', 'পাহাড়ের মধ্যদিয়ে আঁকাবাঁকা রাস্থা ।', 'রাস্তার মধ্যদিয়ে গাড়ি চলাচল হচ্ছে ।', 'পাহাড়ের পাদদেশে কিছু ঘর দেখা যাচ্ছে ।']","Q: 'ছবিটিতে দেখা যাচ্ছে, আকাশে কি দেখা যাচ্ছে?'
A: 'ছবিটিতে সাদা মেঘের আকাশ দেখা যাচ্ছে।'"," Q: ছবিটি কোথায় তোলা হয়েছে?
A: ছবিটি পাহাড়ে তোলা হয়েছে।"
852.jpg,"['একটি ফুলের টব রয়েছে ।', 'একটি ফুল গাছের চারা রয়েছে ।', 'লাল রঙের ফুল দেখা যাচ্ছে ।', 'ঝুলন্ত কিছু ফুলের চারা দেখা যাচ্ছে ।', 'ছাদের উপর ফুল গাছের চারা রয়েছে ।']","Q: 'ছবিতে কী ধরণের ফুলের চারা দেখা যাচ্ছে?'
A: 'ছবিতে ঝুলন্ত লাল রঙের ফুলের চারা দেখা যাচ্ছে।'"," Q: ছাদের উপর কি রয়েছে?
A: ছাদের উপর ফুলের টব রয়েছে ।"
867.jpg,"['একটি পার্কিং এরিয়া দেখা যাচ্ছে ।', 'সাদা রঙের কার দেখা যাচ্ছে ।', 'একটি টেসলা কার রয়েছে ।', 'দর্শনার্থী দেখা যাচ্ছে ।', 'পার্কিং স্লটে একটি কার রয়েছে ।']","Q: 'এই ছবিতে কোন ব্র্যান্ডের গাড়ি দেখা যাচ্ছে?'
A: 'এই ছবিতে টেসলা ব্র্যান্ডের গাড়ি দেখা যাচ্ছে।'"," Q: ছবিতে কি দেখা যাচ্ছে?
A: ছবিতে একটি সাদা রঙের ফেরারি গাড়ি দেখা যাচ্ছে।"
877.jpg,"['একটি কুকুর আছে ।', 'একটি কালো কুকুর আছে ।', 'একটি কুকুর শুয়ে আছে ।', 'একটি কালো কুকুর শুয়ে আছে ।', 'বালুর ওপর একটি কুকুর শুয়ে আছে ।']","Q: 'বালুর ওপর শুয়ে থাকা কুকুরটির রঙ কি?'
A: 'কালো'"," Q: কালো রঙের কুকুরটি কি বালির উপর শুয়ে আছে?
A: হ্যাঁ, কালো রঙের কুকুরটি বালির উপর শুয়ে আছে।"
882.jpg,"['চাঁদের দৃশ্য দেখা যাচ্ছে ।', 'অন্ধকার আকাশে চাঁদ দৃশ্যমান ।', 'পূর্ণচন্দ্র দেখা যাচ্ছে ।', 'চাঁদের গায়ে দাগ দৃশ্যমান ।', 'অন্ধকারে চাদ আলো দিচ্ছে ।']","Q: 'চিত্রের অনুযায়ী, চাঁদের কোন পর্যায় দেখা যাচ্ছে?'
A: 'চিত্রে পূর্ণচন্দ্র দেখা যাচ্ছে।'"," Q: আকাশে কি দেখা যাচ্ছে?
A: আকাশে পূর্ণচন্দ্র দেখা যাচ্ছে।"
915.jpg,"['অনেক ঘাসফুল রয়েছে ।', 'কমলা রঙের ছোট ছোট ফুল দেখা যায় ।', 'বেশ কয়েকটি সুন্দর ফুল একসাথে ফুটে আছে ।', 'কতগুলো ফুল ।', 'কয়েকটি সুন্দর ছোট ফুল ফুটে আছে ।']","Q: 'ছবিতে দেখা ফুলগুলির রঙ কি?'
A: 'ফুলগুলি কমলা রঙের।'"," Q: কতগুলো ফুলের ছবি?
A: কমলা রঙের ছোট ছোট ফুলের ছবি।"
929.jpg,"['একটু মরুভূমি ।', 'ফাঁকা মরুভূমি ।', 'একটি নীরব মরুভূমির দৃশ্য ।', 'মরুভূমিতে উচু নিচু করে বালির স্তুপ ।', 'মরুভূমিতে কোনো স্থাপনার ছায়া দেখা যাচ্ছে ।']","Q: 'ছবিতে দেখা মরুভূমিতে কি কোনো স্থাপনা দেখা যাচ্ছে?'
A: 'না, ছবিতে কোনো স্থাপনার ছায়া দেখা যাচ্ছে না।'"," Q: মরুভূমির দৃশ্যটি কেমন?
A: মরুভূমির দৃশ্যটি খুবই নির্জন এবং শুষ্ক। এখানে কোনো গাছপালা বা জল নেই। শুধুমাত্র বালির ঢেউ রয়েছে।"
934.jpg,"['একটি স্থাপত্য নকশা ।', 'ছোট গোলআকৃতির নকশা ।', 'স্থাপত্য নকশা আলোকসজ্জা দিয়ে সুন্দর ভাবে স্থাপন করা হয়েছে ।', 'প্রাচীন কালের একটি স্থাপত্য নকশা ।', 'প্রাচীর কালের কোনো নিদর্শন এর নকশা ।']","Q: 'ছবিতে দেখানো স্থাপত্য নকশাটি কোন যুগের?'
A: 'এটি প্রাচীন কালের একটি স্থাপত্য নকশা।'"," Q: এটি কি?
A: এটি একটি প্রাচীন রোমান স্থাপত্যের নকশা যা আলো দিয়ে সুন্দরভাবে স্থাপন করা হয়েছে ।"
962.jpg,"['গ্রামের চিরচেনা দৃশ্য ।', 'কোন একটি গ্রামের পাকা রাস্তা ।', ""রাস্তার দু'পাশে সারি সারি গাছ ।"", 'রাস্তার পাশ দিয়ে একজন মহিলা হেটে যাচ্ছে ।', 'একটি গ্রামীণ রাস্তা ।']","Q: 'রাস্তার দুই পাশে কী ধরনের গাছ রয়েছে?'
A: 'রাস্তার দুই পাশে সারি সারি গাছ রয়েছে।'"," Q: ছবিটি কোন জায়গার?
A: ছবিটি একটি গ্রামের।"
1057.jpg,"['কিছু পাতা আছে ।', 'কিছু গাছের পাতা আছে ।', 'কিছু গাছের সবুজ পাতা আছে ।', 'গাছের পাতার উপর পানি আছে ।', 'কিছু সবুজ পাতার গায়ে পানি আছে ।']","Q: 'গাছের পাতার উপর কি আছে?'
A: 'গাছের পাতার উপর পানি আছে।'"," Q: গাছের পাতার উপর কি আছে?
A: গাছের পাতার উপর পানি আছে।"
1136.jpg,"['একটি মহিলা বসে আছে ।', 'একটি মহিলা একটি রাস্তার মধ্যে বসে ভিক্ষা করছে ।', 'একটি মহিলা বসে আছে এবং তার পিছনে অনেক মানুষ দারিয়ে আছে ।', 'একটি রেলগাড়ির সামনে অনেক লোক দারিয়ে আছে ।', 'একজন মহিলা ভিক্ষা করসে অনেক লোকের সামনে ।']","Q: 'ছবিতে দেখা মহিলাটি কোথায় বসে আছেন?'
A: 'মহিলাটি একটি রেলগাড়ির স্টেশনে বসে আছেন।'"," Q: ছবিতে কি দেখা যাচ্ছে ?
A: ছবিতে একজন মহিলা রাস্তার ধারে বসে ভিক্ষা করছেন। তার পিছনে অনেক লোক দাঁড়িয়ে আছে।"
1263.jpg,"['একটি বালক আছে ।', 'একটি বালক হাসছে ।', 'একটি বালক টুপি পড়ে আছে ।', 'একটি বালক টুপি পড়ে হাসছে ।', 'একটি বালক দাত বের করে হাসছে ।']","Q: 'ছবিতে থাকা বালকের মাথায় কি ধরনের টুপি আছে?'
A: 'ছবিতে বালকের মাথায় সাদা রঙের জালি দেওয়া টুপি আছে।'"," Q: ছবির ছেলেটি কি করছে?
A: ছবির ছেলেটি হাসছে।"
1370.jpg,"['একটি কালো কুকুর রয়েছে ।', 'একটি কালো কুকুর শুয়ে আছে ।', 'একটি কালো কুকুর কাঠের মেঝেতে শুয়ে আছে ।', 'একটি কুকুর ঘুমাচ্ছে ।', 'একটি কুকুর শুয়ে আছে ।']","Q: 'ছবিতে কুকুরটি কি করছে?'
A: 'কুকুরটি কাঠের মেঝেতে শুয়ে আছে।'"," Q: কুকুরটি কি করছে?
A: কুকুরটি ঘুমাচ্ছে।"
1395.jpg,"['একটি কুকুর রয়েছে ।', 'একটি কুকুর এদিকে তাকিয়ে আছে ।', 'একটি কুকুর বসে আছে ।', 'একটি কালো কুকুর জিহ্বা বের করে আছে ।', 'একটি কুকুর গলায় বেল্ট পড়ে ছাদে বসে আছে ।']","Q: 'ছবিতে থাকা কুকুরটির গলায় কি পড়া আছে?'
A: 'কুকুরটির গলায় একটি বেল্ট পড়া আছে।'"," Q: ছাদে বসে থাকা কুকুরটির গলায় কি আছে?
A: ছাদে বসে থাকা কুকুরটির গলায় একটি বেল্ট আছে।"
1408.jpg,"['একটি কাঠ কাটার যন্ত্র দেখা যাচ্ছে ।', 'একটি কাঠ কাটার যন্ত্র আছে ও যন্ত্রের ওপর কাঠের গুড়ো লেগে আছে ।', 'একটি কাঠ কাটার যন্ত্র কাঠ কাটছে ।', 'জং ধরা একটি কাঠ কাটার যন্ত্র দেখা যাচ্ছে ।', 'কালো রঙের একটি কাঠ কাটার যন্ত্র দেখা যাচ্ছে ।']","Q: 'ছবিতে থাকা কাঠ কাটার যন্ত্রের রঙ কি?'
A: 'কাঠ কাটার যন্ত্রটি কালো রঙের।'"," Q: ছবিটিতে কী দেখা যাচ্ছে?
A: ছবিটিতে একটি কাঠ কাটার যন্ত্র দেখা যাচ্ছে।"
1461.jpg,"['একটি সবজি ক্ষেত আছে ।', 'সবজি ক্ষেতে মাচা ব্যবহার করা হয়েছে ।', 'সবজি ক্ষেতে মাচায় লাল রঙের দড়ি ব্যবহার করা হয়েছে ।', 'সবজি ক্ষেতের পিছে গাছের বন রয়েছে ।', 'সবজি ক্ষেতে কুমড়া পাতা আছে ।']","Q: 'সবজি ক্ষেতে কোন ধরনের দড়ি ব্যবহার করা হয়েছে?'
A: 'সবজি ক্ষেতে লাল রঙের দড়ি ব্যবহার করা হয়েছে।'"," Q: ছবিটিতে কী দেখা যাচ্ছে?
A: ছবিটিতে একটি সবজি ক্ষেত দেখা যাচ্ছে। সবজি ক্ষেতে মাচা ব্যবহার করা হয়েছে। মাচায় লাল রঙের দড়ি ব্যবহার করা হয়েছে। সবজি ক্ষেতের পিছে গাছের বন রয়েছে। সবজি ক্ষেতে কুমড়া পাতা আছে।"
1505.jpg,"['একটি মৌমাছি বসে আছে ।', 'একটি মৌমাছি ফুলের ওপর বসে আছে ।', 'একটি মৌমাছি একটি ছোট ফুলের ওপর বসে আছে ।', 'একটি মৌমাছি হলুদ রঙের ফুলের উপর বসে আছে ।', 'একটি মৌমাছি ফুল হতে মধু আহরণ করছে ।']","Q: 'মৌমাছিটি কোন রংয়ের ফুলের উপর বসে আছে?'
A: 'মৌমাছিটি হলুদ রংয়ের ফুলের উপর বসে আছে।'"," Q: ছবিতে কি আছে?
A: ছবিতে একটি মৌমাছি হলুদ রঙের ফুলের উপর বসে আছে এবং মধু আহরণ করছে।"
1598.jpg,"['একজন মানুষ একতারা বাজাচ্ছে ।', 'কয়েকজন মানুষ দেখা যাচ্ছে ।', 'একতারা হাতে একজন মানুষ দাঁড়িয়ে আছে ।', 'তিনজন মানুষ বসে আছে ।', 'কয়েকজন মানুষ লোহার বেড়ার সাথে দাঁড়িয়ে আছে ।']","Q: 'ছবিতে কয়জন মানুষ একতারা বাজাচ্ছে?'   
A: 'একজন মানুষ একতারা বাজাচ্ছে।'"," Q: ছবিতে কি দেখা যাচ্ছে ?
A: ছবিতে একজন লোককে একতারা বাজাতে দেখা যাচ্ছে। তার সামনে আরও কয়েকজন লোক বসে আছে।"
1680.jpg,"['একটি খোলা জায়গা আছে ।', 'ধুলিময় একটি রাস্তা আছে ।', 'কিছু গাছের সারি রয়েছে ।', 'খড়ের গাদা রয়েছে ।', 'দূরে কিছুলোক দাঁড়িয়ে গল্প করছে ।']","Q: 'ছবিতে দেখা মাটির রাস্তাটি কোন ধরনের পরিবেশ প্রতিফলিত করছে?'
A: 'ছবিটি একটি গ্রামীণ ধুলিময় পরিবেশ প্রতিফলিত করছে, যেখানে রাস্তার পাশে খড়ের গাদা ও গাছের সারি দেখা যাচ্ছে।'"," Q: ছবিটিতে কি কি দেখা যাচ্ছে ?
A: ছবিটিতে একটি খোলা জায়গা দেখা যাচ্ছে । সেখানে একটি ধুলিময় রাস্তা আছে । রাস্তার দুপাশে কিছু গাছের সারি রয়েছে । একটি জায়গায় খড়ের গাদা রয়েছে । দূরে কিছুলোক দাঁড়িয়ে গল্প করছে ।"
1751.jpg,"['একজন লোক আছে ।', 'লুঙ্গি ও জামা পরে একজন লোক আছে ।', 'একজন লোক কাজ করছে ।', 'একজন লোক ইটের কোয়ার উপর আছে ।', 'একজন লোক ইটের কোয়া রাখছে ।']","Q: 'ছবিতে দেখা লোকটি কি ধরনের পোশাক পরিহিত?'
A: 'লুঙ্গি ও জামা পরিহিত একজন লোক।'"," Q: ছবিতে কী দেখা যাচ্ছে?
A: ছবিতে একজন লোককে ইটের কোয়া মাথায় নিয়ে হাঁটা দেখা যাচ্ছে।"
1855.jpg,"['দুইজন মানুষ রাস্তায় হাঁটছে ।', 'কুয়াশার মাঝে দুইজন মানুষ হাঁটছে ।', 'দুইজন মানুষ স্টেশন এ হাঁটছে ।', 'দুইজন মানুষ কুয়াশার মাঝে দুইজন মানুষ হাঁটছে ।', 'মানুষ দুইটির পাশে গাছপালা দেখা যাচ্ছে ।']","Q: 'ছবিতে দুইজন মানুষ কোথায় হাঁটছে?'
A: 'দুইজন মানুষ কুয়াশার মাঝে স্টেশনে হাঁটছে।'"," Q: ছবিটিতে দুজন মানুষ কোথায় হাঁটছে?
A: ছবিটিতে দুজন মানুষ রেল স্টেশনে হাঁটছে।"
2123.jpg,"['কয়েকটি মূর্তি আছে ।', 'তিনজন পুরুষ দাঁড়িয়ে আছে ।', 'একজন পুরুষ কালো জামা পড়ে দাঁড়িয়ে আছে ।', 'পুরুষটির মাথায় কালো ক্যাপ আছে ।', 'পুরুষটির পায়ে নীল জুতা আছে ।']","Q: 'ছবিতে দেখা যাচ্ছে কয়টি মূর্তি?'
A: 'চারটি মূর্তি দেখা যাচ্ছে।'"," Q: ছবিতে কী দেখা যাচ্ছে?
A: ছবিতে একজন পুরুষকে দেখা যাচ্ছে, যিনি কালো জামা এবং নীল জুতা পরে আছেন। তার মাথায় একটি কালো টুপি রয়েছে। তিনি একটি মন্দিরের সামনে দাঁড়িয়ে আছেন। মন্দিরটির দুটি দরজা রয়েছে এবং প্রতিটি দরজার পাশে একটি করে মূর্তি রয়েছে।"
2136.jpg,"['কিছু সবুজ গাছ আছে ।', 'সমুদ্রের তীর ঘেষে কিছু গাছ আছে ।', 'কয়েকটি বাড়ি আছে ।', 'বাড়িগুলির ছাদ কমলা রং এর ।', 'পাথরের তৈরি রাস্তা আছে ।']","Q: 'ছবিতে দেখা যাচ্ছে যে, সমুদ্রের তীর ঘেষে কোন ধরনের গাছ আছে?'
A: 'ছবিতে সমুদ্রের তীর ঘেষে সবুজ গাছ দেখা যাচ্ছে।'"," Q: উপরের ছবিটি কিভাবে বর্ণনা করা যায়?
A: উপরের ছবিটিতে কিছু সবুজ গাছ, সমুদ্রের তীর ঘেষে কিছু গাছ, কয়েকটি বাড়ি, বাড়িগুলির ছাদ কমলা রং এর এবং পাথরের তৈরি রাস্তা আছে।"
2150.jpg,"['একটি পুরুষ দাঁড়িয়ে আছে ।', 'একটি পুরুষ নীল রং এর জামা দাঁড়িয়ে আছে ।', 'একটি পুরুষ হাত দুদিকে ছড়িয়ে দাঁড়িয়ে আছে ।', 'পুরুষটির পায়ে নীল রং এর জুতা আছে ।', 'দুটি হলুদ রং এর ছাতা আছে ।']","Q: 'চিত্রে পুরুষটির জুতার কি রং?'
A: 'নীল রং'"," Q: ছবিতে কী দেখা যাচ্ছে?
A: ছবিতে একজন পুরুষকে দেখা যাচ্ছে, যে দাঁড়িয়ে আছে এবং হাত দু'দিকে ছড়িয়ে দিয়ে দাঁড়িয়ে আছে। তার পায়ে নীল রঙের জুতা আছে এবং সে নীল রঙের জামা পরে আছে। তার পেছনে একটি হলুদ রঙের ছাতা রয়েছে।"
2160.jpg,"['একটি রেললাইন আছে ।', 'রেললাইন ধরে কিছু মানুষ হেঁটে যাচ্ছে ।', 'রেললাইনের দুই পাশে জঙ্গল আছে ।', 'একটি সবুজ রং এর সাইনবোর্ড আছে ।', 'নীল জামা পড়া একজন লোক পাশে দাঁড়িয়ে আছে ।']","Q: 'রেললাইনের দুই পাশে কি আছে?'
A: 'রেললাইনের দুই পাশে জঙ্গল আছে।'"," Q: রেললাইন ধরে লোকজন কোথায় যাচ্ছে?
A: রেললাইন ধরে লোকজন জঙ্গলের ভিতরের দিকে যাচ্ছে।"
2180.jpg,"['একটি লাল দালান আছে ।', 'দালানে একটি গম্বুজ আছে এবং এর রং কালো ।', 'দালানের চারপাশে কালো দেয়াল আছে ।', 'কালো দেয়ালে শুভ নববর্ষ লেখা আছে ।', 'কালো দেয়ালে এন যে এম লেখা আছে ।']","Q: 'দালানের কোন অংশ লাল রঙের?'
A: 'দালানটির গায়ের রঙ লাল।'"," Q: উপরের ছবিটি কোন দালানের?
A: উপরের ছবিটি লাল দালানের।"
2243.jpg,"['কিছু পাহাড় আছে ।', 'একটি নদী আছে ।', 'নদীতে একটি লঞ্চ আছে ।', 'অনেকগুলো মানুষ আছে ।', 'লঞ্চ থেকে কালো ধোঁয়া বের হচ্ছে ।']","Q: 'ছবিতে কী দেখা যাচ্ছে?'
A: 'ছবিতে একটি নদী ও পাহাড়ের দৃশ্য দেখা যাচ্ছে। নদীতে একটি লঞ্চ চলছে, যেখান থেকে কালো ধোঁয়া বের হচ্ছে। বেশ কয়েকজন মানুষ এই দৃশ্য উপভোগ করছে।'"," Q: ছবিতে কি কি আছে?
A: ছবিতে পাহাড়, নদী, লঞ্চ এবং মানুষ আছে।"
2427.jpg,"['খাবার দেখা যাচ্ছে ।', 'স্টিলের প্লেটে খাবার রাখা হয়েছে ।', 'এক প্লেটে খাবার রাখা আছে ।', 'একপিস পিজ্জা পরে রয়েছে ।', 'প্লেটে এক টুকরা পিজ্জা পরে আছে ।']","Q: 'প্লেটের উপর কি ধরনের খাবার রাখা আছে?'
A: 'প্লেটের উপর এক টুকরা পিজ্জা রাখা আছে।'"," Q: ছবিটিতে কি দেখা যাচ্ছে?
A: ছবিটিতে একটি প্লেটে রাখা পিজ্জার একটি টুকরো দেখা যাচ্ছে।"
2436.jpg,"['টবিলে এক প্লেট খাবার রাখা আছে ।', 'সাদা প্লেটে খাবার পরিবেশন করা আছে ।', 'প্লেটে দুই দধরনের খাবার রয়েছে ।', 'খাবারগুলো স্তুপাকারে রাখা হয়েছে ।', 'উপরে একটি বড় মাংসের টুকরা আছে ।']","Q: 'ছবিতে কোন ধরনের খাবার দুইটি প্লেটে পরিবেশন করা হয়েছে?'
A: 'ছবিতে একটি সাদা প্লেটে ওয়াফেল এবং একটি বড় মাংসের টুকরা পরিবেশন করা হয়েছে।'"," Q: ছবিতে কি কি দেখা যাচ্ছে ?
A: ছবিতে এক প্লেটে দুই ধরনের খাবার পরিবেশন করা আছে । উপরে একটি বড় মাংসের টুকরা আছে আর নিচে ওয়াফেল রয়েছে ।"
2503.jpg,"['পাস্তা আছে ।', 'বেকড পাস্তা আছে ।', 'একটি সাদা বাটিতে পাস্তা আছে ।', 'একটি সাদা বাটিতে “বারিলা” লেখা আছে ।', 'একটি টেবিলে সাদা একটি বাটি আছে ।']","Q: 'ছবিতে কোন ধরণের পাস্তা দেখা যাচ্ছে?'
A: 'বেকড পাস্তা দেখা যাচ্ছে।'"," Q: ছবিতে কি আছে?
A: ছবিতে একটি সাদা বাটিতে পাস্তা আছে। পাস্তাটি বেক করা হয়েছে। বাটিটি একটি টেবিলের উপর রয়েছে।"
2517.jpg,"['একটি বাটি আছে ।', 'একটি বাটিতে মাংসের টুকরা আছে ।', 'একটি বাটিতে তিন টুকরা মাংস আছে ।', 'একটি সাদা বাটিতে খাবার আছে ।', 'একটি টেবিলে খাবার আছে ।']","Q: 'ছবিতে বাটিতে কয় টুকরা মাংস আছে?'
A: 'বাটিতে তিন টুকরা মাংস আছে।'"," Q: ছবিটিতে কি আছে?
A: ছবিটিতে একটি সাদা বাটিতে তিন টুকরা মাংস রয়েছে।"
2609.jpg,"['একটি বাটি আছে ।', 'একটি বাটিতে খাবার আছে ।', 'লেবু কাটা আছে ।', 'চামচ আছে ।', 'একটি ভাজা মাছ আছে ।']","Q: 'প্লেটে কি কি খাবার পরিবেশিত হয়েছে?'
A: 'প্লেটে একটি ভাজা মাছ, কিছু লেবু কাটা, সবজি, ভুট্টা এবং কোলস্ল সালাদ পরিবেশিত হয়েছে।'"," Q: ছবিতে কি কি আছে?
A: ছবিতে একটি প্লেট আছে। প্লেটের উপর ভাত, মাছ, সবজি ও লেবু আছে।"
2614.jpg,"['কয়েকটি বাটি আছে ।', 'দুটি বাটিতে চামচ আছে ।', 'দোসা আছে ।', 'কয়েকটি স্টিলের বাটি আছে ।', 'তরকারি আছে ।']","Q: 'চিত্রে কতগুলো বাটি দেখা যাচ্ছে এবং কতগুলোতে চামচ রয়েছে?'
A: 'চিত্রে চারটি বাটি দেখা যাচ্ছে এবং দুটি বাটিতে চামচ রয়েছে।'"," Q: ছবিটিতে কী কী আছে?
A: ছবিটিতে একটি ডোসা, তরকারি এবং চাটনি রয়েছে।"
2674.jpg,"['একটি বাটিতে খাবার আছে ।', 'একটি বাটিতে অনেক ধরনের খাবার আছে ।', 'প্যানকেক আছে ।', 'মাশরুম আছে ।', 'সসেজ আছে ।']","Q: 'ছবিতে কী কী খাবার দেখা যাচ্ছে?'
A: 'প্যানকেক, মাশরুম এবং সসেজ দেখা যাচ্ছে।'"," Q: ছবির পাত্রে কি কি আছে ?
A: ছবির পাত্রে প্যানকেক, মাশরুম, সসেজ এবং ডিম আছে ।"
2700.jpg,"['একটি রাস্তা আছে ।', 'অনেক গাছপালা আছে ।', 'একটি দালান আছে ।', 'অনেকগুলো গাড়ি আছে ।', 'অনেকজন মানুষ আছে ।']","Q: 'ছবিতে কী ধরনের দালান দেখা যাচ্ছে?'
A: 'ছবিতে একটি সাদা রঙের দালান দেখা যাচ্ছে, যার মাথায় একটি বড় মিনার আছে।'"," Q: ছবিতে কি কি আছে ?
A: ছবিতে একটি রাস্তা আছে, অনেক গাছপালা আছে, একটি দালান আছে, অনেকগুলো গাড়ি আছে এবং অনেকজন মানুষ আছে।"
2759.jpg,"['দুটি পাখি আছে ।', 'একটি পাখি উড়ছে ।', 'একটি পাখি বসে আছে ।', 'একটি পাখি খড়কুটো নিয়ে উড়ে যাচ্ছে ।', 'একটি পাখি একটি বাক্সের উপরে বসে আছে ।']","Q: 'ছবিতে কতগুলি পাখি দেখা যাচ্ছে এবং তারা কি কি করছে?'
A: 'ছবিতে দুটি পাখি দেখা যাচ্ছে। এর মধ্যে একটি পাখি বাক্সের উপরে বসে আছে এবং অন্য পাখিটি খড়কুটো নিয়ে উড়ছে।'"," Q: দুটি পাখি কি করছে?
A: একটি পাখি উড়ছে আর একটি পাখি বসে আছে।"
2799.jpg,"['একজন মানুষ আছে ।', 'কয়েকটি নৌকা আছে ।', 'একজন মানুষ বসে আছে ।', 'একজন মানুষ নৌকার ধারে বসে আছে ।', 'একটি জলাশয় কয়েকটি বাশ আছে ।']","Q: 'ছবিতে মানুষটি কোন জায়গায় বসে আছে?'
A: 'মানুষটি নৌকার ধারে বসে আছে।'"," Q: ছবিতে কী আছে?
A: ছবিতে একজন মানুষ আছে। সে একটি নৌকার ধারে বসে আছে। আরও কিছু নৌকা আছে। একটি জলাশয় আছে। কিছু বাঁশ আছে।"
2883.jpg,"['চুলায় রান্না হচ্ছে ।', 'রান্না হচ্ছে ।', 'চুলায় মুরগি রান্না হচ্ছে ।', 'চুলার আশেপাশে অনেকে বসে ও দাঁড়িয়ে আছে ।', 'ইট ও কয়লা দিয়ে চুলা তৈরী করা হচ্ছে ।']","Q: 'চিত্রে কি ধরনের চুলা ব্যবহার করা হচ্ছে?'
A: 'চিত্রে ইট ও কয়লা দিয়ে তৈরি চুলা ব্যবহার করা হচ্ছে।'"," Q: ছবিতে কি রান্না হচ্ছে?
A: ছবিতে মুরগি রান্না হচ্ছে।"
2903.jpg,"['একটি গাছ দেখা যাচ্ছে ।', 'একটি পাতা শূন্য গাছ দেখা যাচ্ছে ।', 'একটি গাছ ও খোলা আকাশ দেখা যাচ্ছে ।', 'একটি গাছের পেছনে কিছু গাছের পাতা দেখা যাচ্ছে ।', 'একটি বিশাল পাতাঝরা গাছ দেখা যাচ্ছে ।']","Q: 'ছবিতে দেখা যাচ্ছে কেমন ধরণের গাছ?'
A: 'ছবিতে একটি বিশাল পাতাঝরা গাছ দেখা যাচ্ছে।'"," Q: ছবিটিতে কি দেখা যাচ্ছে?
A: ছবিটিতে একটি পাতাশূন্য গাছ দেখা যাচ্ছে।"
2955.jpg,"['একটি মগে পানি রাখা ।', 'দুটি আম আছে ।', 'দুটি পচা আম আছে ।', 'একটি লাল মগের পাশে দুটি পচা আম রাখা ।', 'মাটিতে একটি ভাঙা ইট আছে ।']","Q: 'লাল মগের পাশে কয়টি আম রাখা আছে?'
A: 'দুটি আম রাখা আছে।'"," Q: ছবিতে কি কি আছে ?
A: ছবিতে একটি লাল রঙের মগে পানি আছে, পাশেই দুটি আম রাখা আছে এবং মাটিতে একটি ভাঙা ইট পড়ে আছে ।"
2982.jpg,"['টিন আছে ।', 'একটি নতুন টিন আছে ।', 'টিনে নীল রঙের লেখা দেখা যাচ্ছে ।', 'টিনে পাখির ছবি দেখা যাচ্ছে ।', 'টিনে ঈগল পাখির ছবি দেখা যাচ্ছে ।']","Q: 'টিনের উপরে কোন পাখির ছবি রয়েছে?'
A: 'টিনের উপরে ঈগল পাখির ছবি রয়েছে।'"," Q: ছবিটিতে কি দেখা যাচ্ছে?
A: ছবিটিতে একটি টিন দেখা যাচ্ছে। টিনের উপরে ঈগল পাখির ছবি আছে। টিনের রং ধূসর এবং ঈগল পাখির রং নীল।"
3028.jpg,"['কিছু টব আছে ।', 'কিছু টবে চারা গাছ লাগানো আছে ।', 'তিনটি টবে চারা গাছ লাগানো আছে ।', 'তিনটি টব আছে ।', 'একটি টবে বড় সবুজ চারা আছে ।']","Q: 'ছবিতে মোট কতগুলি টব দেখা যাচ্ছে এবং কতগুলিতে চারা গাছ রোপণ করা হয়েছে?'
A: 'ছবিতে তিনটি টব দেখা যাচ্ছে এবং প্রতিটিতেই চারা গাছ রোপণ করা হয়েছে।'"," Q: ছবিতে কয়টা টব আছে?
A: ছবিতে তিনটি টব আছে।"
3037.jpg,"['কিছু মানুষ মাঠে দাঁড়িয়ে আছে ।', 'কিছু মানুষ কাশবনে দাঁড়িয়ে আছে ।', 'কিছু মানুষ কাশবনে ঘুরতে গেছে ।', 'কিছু মানুষ কাশবনে ছবি তুলছে ।', 'কিছু মহিলা কাশবনে ছবি তুলছে ।']","Q: 'ছবিতে দেখা মানুষগুলো কোথায় দাঁড়িয়ে আছে?'
A: 'মানুষগুলো কাশবনে দাঁড়িয়ে আছে।'"," Q: ছবিতে কি দেখা যাচ্ছে?
A: ছবিতে কিছু মানুষকে কাশবনে দাঁড়িয়ে আছে দেখা যাচ্ছে।"
3085.jpg,"['একটি পার্কের প্রধান ফটক দেখা যাচ্ছে ।', 'একটি পার্কের প্রধান ফটকে সাইনবোর্ড ঝুলছে ।', 'একটি পার্কে সকলকে স্বাগতম জানানো হচ্ছে ।', 'পার্কের প্রধান ফটকে স্পিকার লাগানো ।', 'একটি সাফারি পার্ক দেখা যাচ্ছে ।']","Q: 'চিত্রে থাকা সাইনবোর্ডে কি লেখা আছে?'
A: 'সাইনবোর্ডে লেখা আছে ""Welcome to Cone Safari Park""।'"," Q: কোন জায়গায় সবুজ রঙের লম্বা লম্বা ঘাসের মতো সাজানো একটি সাইনবোর্ড দেখা যাচ্ছে?
A: কোর সাফারি পার্কের প্রধান ফটকে সবুজ রঙের লম্বা লম্বা ঘাসের মতো সাজানো একটি সাইনবোর্ড দেখা যাচ্ছে।"
3126.jpg,"['কয়েকটি বেলুন রয়েছে ।', 'কয়েকটি রঙিন বেলুন রয়েছে ।', 'কতগুলো বেলুন টাঙানো রয়েছে ।', 'কতগুলো রঙিন বেলুন টাঙানো রয়েছে ।', 'বিকেলবেলা কতগুলো বেলুন টাঙানো রয়েছে ।']","Q: 'ছবিতে কতগুলো বেলুন দেখা যাচ্ছে?'
A: 'ছবিতে তিনটি বেলুন দেখা যাচ্ছে।'"," Q: কতগুলো বেলুন টাঙানো রয়েছে?
A: ছবিটিতে মোট 6 টি বেলুন টাঙানো রয়েছে।"
3182.jpg,"['সূর্যাস্ত যাচ্ছে ।', 'গোধূলি লগ্নে সূর্য অস্ত যাচ্ছে ।', 'কিছু উঁচু দালান কোঠা দেখা যাচ্ছে ।', 'সন্ধ্যা ঘনিয়ে আসছে ।', 'আকাশের লাল আভা দেখা যাচ্ছে ।']","Q: 'ছবিতে সূর্যাস্তের সময় কি কি দেখা যাচ্ছে?'
A: 'ছবিতে সূর্যাস্তের সময় একটি লাল আভা সহ আকাশ এবং কিছু উঁচু দালান কোঠা দেখা যাচ্ছে।'"," Q: সূর্য ডোবার সময় আকাশ কেমন দেখাচ্ছে?
A: সূর্য ডোবার সময় আকাশ লালচে দেখাচ্ছে।"
3215.jpg,"['একটি বউ দেখা যাচ্ছে ।', 'বউটি লাল শারি পড়ে আছে ।', 'বউটি অনেক গহনা পড়ে আছে ।', 'কন্যাটির মাথাই ফুল দেখা যাচ্ছে ।', 'বউটি হাসছে ।']","Q: 'ছবির বউটি কি ধরনের পোশাক পরে আছে?'
A: 'বউটি লাল শারি পরে আছে।'"," Q: বউটি কি পরে আছে?
A: বউটি লাল শাড়ি পরে আছে।"
3312.jpg,"['দুটি মৌমাছি দেখা যাচ্ছে ।', 'মৌমাছিগুলির চোখটি লাল রঙের ।', 'মৌমাছিগুলির অনেক পা দেখা যাচ্ছে ।', 'মৌমাছিগুলি একটি পাতার উপর বসে আছে ।', 'মৌমাছিগুলি কালো রঙের ।']","Q: 'ছবিতে দুটি মৌমাছি কি করছে?'
A: 'ছবিতে দুটি মৌমাছি একটি পাতার উপর বসে আছে।'"," Q: ছবিতে কী দেখা যাচ্ছে?
A: ছবিতে দুটি মাছি দেখা যাচ্ছে।"
3417.jpg,"['একটি ফুলগাছের ছবি দেখা যাচ্ছে ।', 'ফুলগাছের একটি ফুল দেখা যাচ্ছে ।', 'ফুলগাছে একটি লাল ফুল দেখা যাচ্ছে ।', 'ফুলগাছের ডাল দেখা যাচ্ছে ।', 'ফুলগাছের সবুজ ডাল দেখা যাচ্ছে ।']","Q: 'ফুলগাছের কোন রঙের ফুল দেখা যাচ্ছে?'
A: 'ফুলগাছে লাল রঙের ফুল দেখা যাচ্ছে।'"," Q: গাছের ডালে কি রঙের ফুল ফুটেছে?
A: গাছের ডালে লাল রঙের ফুল ফুটেছে।"
3510.jpg,"['একটি কাঠের টেবিল এর উপর একটি স্টিল এর পাত্র দেখা যাচ্ছে ।', 'একটি স্টিল এর পাত্রের ভিতর কিছু নুডলস দেখা যাচ্ছে ।', 'একটি পাত্রে নুডলস আছে এবং কাঠের ।', 'একটি স্টিল এর পাত্রের ভিতর কিছু নুডলস ও একটি চামচ দেখা যাচ্ছে ।', 'কাঠের টেবিল এর উপর একটি পাত্রে নুদলাস + ছামচ ।']","Q: 'ছবিতে নুডলসের পাত্রটি কোন উপাদানের তৈরি?'
A: 'ছবিতে নুডলসের পাত্রটি স্টিলের তৈরি।'"," Q: ছবিটিতে কি দেখা যাচ্ছে?
A: ছবিটিতে একটি কাঠের টেবিলের উপর একটি স্টিলের পাত্রে নুডলস দেখা যাচ্ছে।"
3564.jpg,"['একটি ফোনের ছবি দেখা যাচ্ছে ।', 'একটি হাত ফোনটি ধরে রেখেছে ।', 'ফোনটি দিয়ে বিকেলের দৃশ্য এর ছবি তোলা হচ্ছে ।', 'ফোনটিতে ক্যামেরা অ্যাপ ব্যাবহার করা হচ্ছে ।', 'ফোনটি দিয়ে বিকেলের কমলা আকাশ এর ছবি তোলা হচ্ছে ।']","Q: 'ছবিতে কি ধরণের দৃশ্য ফোনের ক্যামেরা দিয়ে তোলা হচ্ছে?'
A: 'ফোনটি দিয়ে বিকেলের কমলা আকাশের ছবি তোলা হচ্ছে।'"," Q: ছবিটি কিভাবে তোলা হয়েছে?
A: ছবিটি একটি ফোন দিয়ে তোলা হয়েছে।"
3579.jpg,"['একটি খড়ের গাঁদার ছবি দেখা যাচ্ছে ।', 'একটি বাদামী খড়ের গাঁদার ছবি দেখা যাচ্ছে ।', 'খড়ের গাঁদা ও পিছে ধান খেতের ছবি দেখা যাচ্ছে ।', 'খড়ের গাঁদা ,ধান খেত ও পরিষ্কার আকাশের ছবি দেখা যাচ্ছে ।', 'রাস্তার পাশে খড়ের গাঁদা ,ধান খেত ও পরিষ্কার আকাশের ছবি দেখা যাচ্ছে ।']","Q: 'ছবিতে কি দেখা যাচ্ছে?'
A: 'ছবিতে একটি বাদামী খড়ের গাঁদা, পিছে ধান খেত এবং পরিষ্কার আকাশ দেখা যাচ্ছে।'"," Q: ছবিটিতে কি দেখা যাচ্ছে?
A: ছবিটিতে একটি খড়ের গাঁদার ছবি দেখা যাচ্ছে।"
3607.jpg,"['একটি চশমা , ল্যাপটপ এবং একটি প্লেট এ কিছু খাবার ।', 'চশমা , ল্যাপটপ ,একটি প্লেট এ কিছু খাবার ও এক কাপ কফি ।', 'ল্যাপটপ এবং একটি প্লেট এ কিছু খাবার দেখা যাচ্ছে ।', 'একটি চশমা , ল্যাপটপ এবং একটি প্লেট এ কিছু খাবার ।', 'ল্যাপটপ ,একটি প্লেট এ কিছু খাবার ও এক কাপ কফি ।']","Q: 'ছবিতে কোন কোন জিনিস দেখা যাচ্ছে?'
A: 'ছবিতে একটি ল্যাপটপ, একটি প্লেটে কিছু খাবার, চশমা, এবং একটি কাপ কফি দেখা যাচ্ছে।'"," Q: ছবিটিতে কি কি দেখা যাচ্ছে ?
A: ছবিটিতে একটি ল্যাপটপ, একটি প্লেটে কিছু খাবার এবং একটি কাপ কফি দেখা যাচ্ছে।"
3621.jpg,"['পাহাড়ের গা ঘেঁষে ঝর্ণা পরছে ।', 'চারিদিক এ অনেক গাছ ও মাঝখানে ঝর্ণা ।', 'শান্ত স্নিগ্ধ অপরূপ ঝর্ণা ।', 'চারিদিক এ অনেক গাছ ও মাঝখানে ঝর্ণা ।', 'পাহাড়ের গা ঘেঁষে ঝর্ণা পরছে ।']","Q: 'ছবিতে দেখা ঝর্ণাটি কোথায় অবস্থিত?'
A: 'ছবিতে দেখা ঝর্ণাটি কোনো পাহাড়ের গা ঘেষে অবস্থিত এবং চারিদিকে অনেক গাছ রয়েছে।'"," Q: ছবিটিতে কি দেখা যাচ্ছে?
A: ছবিটিতে একটি ঝর্ণা দেখা যাচ্ছে। ঝর্ণাটি একটি পাহাড়ের গা ঘেঁষে পরছে। ঝর্ণার চারপাশে অনেক গাছ রয়েছে। ঝর্ণার নিচে সবুজ রঙের পানি জমে আছে। ঝর্ণাটির আশেপাশে শান্ত ও স্নিগ্ধ পরিবেশ বিরাজ করছে।"
3647.jpg,"['পাহাড়ি রাস্তার মধ্যে দিয়া চাঁদের গাড়ি যাচ্ছে ।', 'পাহাড়ি রাস্তা ও চাঁদের গাড়ি ।', 'পাহাড়ি রাস্তার মধ্যে দিয়া চাঁদের গাড়ি যাচ্ছে ।', 'পাহাড়ি রাস্তা ও চাঁদের গাড়ি ।', 'পাহাড়ি রাস্তার মধ্যে দিয়া চাঁদের গাড়ি যাচ্ছে ।']","Q: 'ছবিতে কোন ধরণের গাড়ি পাহাড়ি রাস্তা দিয়ে যাচ্ছে?'
A: 'একটি জীপ গাড়ি পাহাড়ি রাস্তা দিয়ে যাচ্ছে।'"," Q: পাহাড়ি রাস্তায় গাড়ি চালানোর সময় কি কি সাবধানতা অবলম্বন করা উচিত?
A: পাহাড়ি রাস্তায় গাড়ি চালানোর সময় অবশ্যই সাবধানতা অবলম্বন করা উচিত। পাহাড়ি রাস্তা সাধারণত সরু এবং ঘुমটোয়া হয়, তাই গাড়ি চালানোর সময় গতি কম রাখা উচিত। এছাড়াও, পাহাড়ি রাস্তায় প্রায়ই ধুলাবালি থাকে, তাই গাড়ির হেডলাইট জ্বালিয়ে রাখা উচিত।"
3739.jpg,"['সুন্দর একটি ছেলের ছবি ।', 'ছেলেটি একটি হাত মুখের উপর ।', 'ছেলেটির হাতে ক্যামেরা রয়েছে ।', 'ছেলেটি একটি হাত মুখের উপর ।', 'সুন্দর একটি ছেলের ছবি ।']","Q: 'ছেলেটির হাতে কি রয়েছে?'
A: 'ছেলেটির হাতে একটি ক্যামেরা রয়েছে।'"," Q: ছবিটিতে কী আছে?
A: ছবিটিতে একজন ছেলে আছে। সে একটি হাতে ক্যামেরা ধরে আছে এবং অন্য হাতে মুখ ঢেকে আছে।"
3852.jpg,"['পুকুরের ধারে একটি বাড়ি ও কিছু গাছ দেখা যাছে ।', 'পুকুরের ধারে বাড়ি রয়েছে ।', 'বাড়িটি খড়ি দিয়ে ঘেরা আছে ।', 'পুকুরে অনেক শ্যাওলা আছে ।', 'পুকুরটি শ্যাওলায় পরিপূর্ন ।']","Q: 'পুকুরের ধারে কি ধরনের বাড়ি দেখা যাচ্ছে?'
A: 'পুকুরের ধারে খড়ি দিয়ে ঘেরা একটি বাড়ি দেখা যাচ্ছে।'"," Q: ছবিটিতে কি দেখা যাচ্ছে?
A: ছবিটিতে একটি পুকুরের ধারে একটি বাড়ি দেখা যাচ্ছে। বাড়িটি খড় দিয়ে ঘেরা এবং পুকুরটি শ্যাওলায় পরিপূর্ণ।"
3903.jpg,"['একটি সাদা কালো ছবি দেখা যাচ্ছে ।', 'সাদা কালো ছবি তে কিছু শিশুকে দেখা যাচ্ছে ।', 'সাদা কালো ছবিতে কিছু শিশু দৌড়াচ্ছে ।', 'সাদা কালো ছবিতে শিশুদের পাশে একজন নারীকে দেখা যাচ্ছে ।', 'সাদাকালো ছবি তে একটি রাস্তা ও তার পাশে কিছু গাছপালা দেখা যাচ্ছে ।']","Q: 'সাদা কালো ছবিটিতে শিশুরা কি করছে?'
A: 'ছবিটিতে শিশুরা দৌড়াচ্ছে।'"," Q: ছবিটিতে কি আছে?
A: ছবিটিতে কয়েকজন শিশু রাস্তা দিয়ে হেঁটে যাচ্ছে।"
3938.jpg,"['একটি সাদা প্লেটের ছবি দেখা যাচ্ছে ।', 'সাদা প্লেটে কিছু খাবার দেখা যাচ্ছে ।', 'সাদা প্লেটে বেগুনি দেখা যাচ্ছে ।', 'সাদা প্লেটে পরোটা দেখা যাচ্ছে ।', 'সাদা প্লেটে মাংস দেখা যাচ্ছে ।']","Q: 'সাদা প্লেটে কি ধরনের খাবার রয়েছে?'
A: 'সাদা প্লেটে পরোটা, বেগুনি এবং মাংস রয়েছে।'"," Q: প্লেটে কি কি আছে ?
A: প্লেটে পরোটা, মাংস, ডিম এবং বেগুন রয়েছে ।"
3949.jpg,"['দুটি কাপের ছবি ছবি দেখা যাচ্ছে ।', 'একটি কাচের কাপের ছবি দেখা যাচ্ছে ।', 'একটি মাটির কাপে চা দেখা যাচ্ছে ।', 'একটি কাচের কাপে লাল চা দেখা যাচ্ছে ।', 'একটি মাটির কাপে দুধ চা এর ছবি দেখা যাচ্ছে ।']","Q: 'ছবিতে কোন দুই ধরনের চা দেখা যাচ্ছে?'
A: 'ছবিতে একটি কাচের কাপে লাল চা এবং একটি মাটির কাপে দুধ চা দেখা যাচ্ছে।'"," Q: দুটি কাপে কি কি আছে?
A: একটি কাচের কাপে লেবু চা এবং একটি মাটির কাপে দুধ চা রয়েছে।"
4042.jpg,"['একটি সাদা বাটিতে পাস্তা ।', 'একটি সাদা বাটিতে রান্না করা পাস্তা ।', 'রান্না করা চিকেন পাস্তা দেখা যাচ্ছে ।', 'একটি সাদা বাটিতে রান্না করা পাস্তা ।', 'একটি সাদা বাটিতে পাস্তা ।']","Q: 'ছবিতে দেখা যাচ্ছে পাস্তাটি কি ধরণের পাত্রে পরিবেশন করা হয়েছে?'
A: 'পাস্তাটি একটি সাদা বাটিতে পরিবেশন করা হয়েছে।'"," Q: ছবিটিতে কি দেখা যাচ্ছে?
A: ছবিটিতে পাস্তা দেখা যাচ্ছে।"
4063.jpg,"['একটি খয়েরি রঙের টেবিল দেখা যাচ্ছে ।', 'টেবিলের উপর তিনটি গ্লাস রয়েছে ।', 'গ্লাস তিনটির মধ্যে জুস আছে ।', 'জুস দেখতে সবুজ রঙের ।', 'টেবিলের পাশে অনেকগুলি মার্বেল আছে ।']","Q: 'টেবিলের উপর কতগুলি গ্লাস রয়েছে এবং গ্লাসগুলিতে কী রয়েছে?'
A: 'টেবিলের উপর তিনটি গ্লাস রয়েছে এবং গ্লাসগুলিতে সবুজ রঙের জুস রয়েছে।'"," Q: ছবিটিতে কী দেখা যাচ্ছে?
A: ছবিটিতে একটি খয়েরি রঙের টেবিল দেখা যাচ্ছে। টেবিলের উপর তিনটি গ্লাস রয়েছে। গ্লাস তিনটির মধ্যে জুস আছে। জুস দেখতে সবুজ রঙের। টেবিলের পাশে অনেকগুলি মার্বেল আছে।"
299.jpg,"['শহিদ মিনারে মানুষের ঢল দেখা যাচ্ছে ।', 'শহিদ মিনারে ফুল দিতে আসা মানুষের ঢল দেখা যাচ্ছে ।', 'শহিদ মিনারে শহিদদের সম্মানে ফুল দিতে আসা মানুষের ঢল দেখা যাচ্ছে ।', 'শহিদ মিনারে প্রভাত ফেরিতে মানুষের ঢল দেখা যাচ্ছে ।', 'শহিদ মিনারে নানান বয়সের মানুষের ঢল দেখা যাচ্ছে ।']","Q: 'ছবিতে দেখা যাচ্ছে যে শহিদ মিনারে কোন উপলক্ষ্যে মানুষের ঢল নেমেছে?'
A: 'শহিদদের সম্মানে ফুল দিতে এবং প্রভাত ফেরীতে অংশ নিতে মানুষের ঢল নেমেছে।'"," Q: শহীদ মিনারে এতো মানুষের ঢল কেন?
A: শহীদ মিনারে শহীদদের সম্মানে ফুল দিতে এসেছে মানুষের ঢল।"
358.jpg,"['রবীন্দ্রনাথের কবিতার ছোট নদীর সাদৃশ্য একটি নদী ।', 'জনমানব শূন্য শান্ত একটি নদী ।', 'ছোট একটি নদী দেখা যাচ্ছে ।', 'শান্ত একটি নদী দেখা যাচ্ছে ।', 'একটি নদীতে একটি নৌকা দেখা যাচ্ছে ।']","Q: 'ছবিতে দেখা নদীটির পরিবেশ কেমন?'
A: 'ছবিতে দেখা নদীটির পরিবেশ শান্ত এবং জনমানব শূন্য।'"," Q: ছোট নদীর সাদৃশ্য কি?
A: রবীন্দ্রনাথের কবিতার ছোট নদীর সাদৃশ্য একটি নদী।"
563.jpg,"['একটি নদীর ছবি দেখা যাচ্ছে ।', 'নদীর ঘাট দেখা যাচ্ছে ।', 'নদীর ঘাটে একটি জলযান দেখা যাচ্ছে ।', 'নদীর ঘাটের জলযানে অনেক মানুষ দেখা যাচ্ছে ।', 'নদীর ঘাটে লাল,সবুজ ও সাদা রঙ করা জলযান দেখা যাচ্ছে ।']","Q: 'ছবিতে দেখা জলযানটির কি কি রঙ রয়েছে?'
A: 'ছবিতে দেখা জলযানটি লাল, সবুজ এবং সাদা রঙের।'"," Q: ছবিতে কি দেখা যাচ্ছে?
A: ছবিতে একটি নদী দেখা যাচ্ছে। নদীর ঘাটে একটি জলযান দেখা যাচ্ছে। জলযানে অনেক মানুষ দেখা যাচ্ছে। জলযানটি লাল, সবুজ এবং সাদা রঙের।"
658.jpg,"['একটি টেবিল দেখা যাচ্ছে ।', 'একটি বাদামী টেবিল দৃশ্যমান ।', 'টেবিল এ একটি সাদা প্লেট বিদ্যমান ।', 'চারকোনা প্লেটটিতে কিছু খাবার দেখা যাচ্ছে ।', 'প্লেট এ ৩ পদ এর খাবার দেখা যাচ্ছে ।']","Q: 'চারকোনা সাদা প্লেটে কতগুলি পদের খাবার দেখা যাচ্ছে?'
A: 'প্লেটে ৩ পদের খাবার দেখা যাচ্ছে।'"," Q: ছবিটিতে কি কি দেখা যাচ্ছে ?
A: ছবিটিতে একটি টেবিল দেখা যাচ্ছে । টেবিলের উপর একটি প্লেট রয়েছে । প্লেটে ভাত, মাংস এবং কিছু সবজি রয়েছে ।"
1229.jpg,"['গাছের উচু ডাল দেখা যাচ্ছে ।', 'গাছের উচু ডালে অল্প পাতা রয়েছে ।', 'গাছের উচু ডাল ও শাখা-প্রশাখা রয়েছে ।', 'দুটি গাছের উচু ডাল দেখা যাচ্ছে ।', 'দুটি গাছের উচু ডাল সহ পাতা দেখা যাচ্ছে ।']","Q: 'ছবিতে দেখা যাচ্ছে কয়টি গাছের উচু ডাল?'
A: 'দুটি গাছের উচু ডাল দেখা যাচ্ছে।'"," Q: গাছের ডালে কি আছে?
A: গাছের ডালে পাতা আছে।"
1848.jpg,"['কিছু তৈজসপত্র দেখা যাচ্ছে ।', 'কিছু মাটির তৈরি তৈজসপত্র দেখা যাচ্ছে ।', 'একটি ডেস্কের উপর চারটি তৈজসপত্র দেখা যাচ্ছে ।', 'একটি ডেস্কের উপর চারটি মাটির তৈরি তৈজসপত্র দেখা যাচ্ছে ।', 'কিছু তৈজসপত্রের উপর আলো পড়ছে দেখা যাচ্ছে ।']","Q: 'ছবির মধ্যে কয়টি তৈজসপত্র দেখা যাচ্ছে?'
A: 'ছবিতে চারটি মাটির তৈরি তৈজসপত্র দেখা যাচ্ছে।'"," Q: ছবিতে কী দেখা যাচ্ছে?
A: ছবিতে কয়েকটি মাটির তৈরি তৈজসপত্র দেখা যাচ্ছে।"
2141.jpg,"['একজন পুরুষ হাঁটছে ।', 'পুরুষটি নীল রং এর জামা পড়ে আছে ।', 'পুরুষটির চোখে সানগ্লাস রয়েছে ।', 'পুরুষটির পায়ে ছাই রং এর জুতা আছে ।', 'কিছু মানুষ দাঁড়িয়ে আছে ।']","Q: 'ছবিতে দেখা যাচ্ছে পুরুষটি কি ধরনের জামা পরে আছে?'
A: 'পুরুষটি নীল রং এর জামা পড়ে আছে।'"," Q: ছবিতে কী দেখা যাচ্ছে?
A: ছবিতে একজন পুরুষকে দেখা যাচ্ছে। সে নীল রঙের জামা, ছাই রঙের জুতা এবং সানগ্লাস পরে আছে। সে একটি মন্দিরের সামনে দিয়ে হাঁটছে। মন্দিরটির সামনে আরও কিছু মানুষ দাঁড়িয়ে আছে।"
2244.jpg,"['একটি সমুদ্র আছে ।', 'একটি সমুদ্রে নীল পানি আছে ।', 'একটি দ্বীপ আছে ।', 'একটি দ্বীপে অনেকগুলো গাছপালা আছে ।', 'আকাশের নিচে একটি দ্বীপে অনেক গাছপালা আছে ।']","Q: 'ছবিতে দেখা সমুদ্রের পানির রং কি?'
A: 'নীল'"," Q: ছবিতে কি দেখা যাচ্ছে?
A: ছবিতে একটি সমুদ্র দেখা যাচ্ছে। সমুদ্রের মাঝে একটি দ্বীপ আছে। দ্বীপে অনেক গাছপালা আছে। আকাশের নিচে দ্বীপটি খুব সুন্দর দেখাচ্ছে।"
2328.jpg,"['দুইটি বাটি আছে ।', 'দুইটি বাটিতে খাবার আছে ।', 'খাবারের উপরে ডিম আছে ।', 'কাঠের টেবিলে বাটি আছে ।', 'কাঠের টেবিলে অনেকগুলো চামচ আছে ।']","Q: 'চিত্রে কতগুলি বাটি দেখা যাচ্ছে এবং তাদের উপরে কি আছে?'
A: 'চিত্রে দুইটি বাটি দেখা যাচ্ছে, এবং প্রতিটি বাটির উপরে খাবার ও ডিম আছে।'"," Q: ছবিতে কি কি আছে ?
A: ছবিতে দুটি বাটি আছে। বাটির মধ্যে খাবার আছে। খাবারের উপর ডিম আছে। কাঠের টেবিলে বাটি আছে। কাঠের টেবিলে অনেকগুলো চামচ আছে।"
2626.jpg,"['একটি বাটি আছে ।', 'বাটিতে খাবার আছে ।', 'বাটিতে রাইস আছে ।', 'খাবারের উপরে সস আছে ।', 'কয়েকটি খাবারের টুকরা আছে ।']","Q: 'বাটিতে কি ধরনের সস দেওয়া হয়েছে?'
A: 'বাটিতে লাল ও সাদা সস দেওয়া হয়েছে।'"," Q: এটি কি?
A: এটি একটি বাটি ভাত।
Q: বাটিতে আর কি আছে?
A: বাটিতে ভাতের উপর সস দেওয়া আছে এবং সেই সসের উপর রাখা আছে মাংসের বল।
Q: মাংসের বলের উপরে কি আছে?
A: মাংসের বলের উপরে সাদা সস দেওয়া আছে।
Q: বাটির ভাত কেমন?
A: বাটির ভাত ফুলকো ভাত।"
3008.jpg,"['কিছু হাঁস দেখা যাচ্ছে ।', 'একটি মা হাঁস ও কিছু হাঁস ছানা রয়েছে ।', 'ঘাসের ওপর একটি মা হাঁস ও কিছু হাঁস ছানা হেটে যাচ্ছে ।', 'অনেকগুলো বাচ্চা হাঁস ও একটি মা হাঁস হেটে যাচ্ছে ।', 'ঘাসে ওপর কিছু হাঁস হেটে যাচ্ছে ।']","Q: 'ছবিতে কী দেখা যাচ্ছে?'
A: 'ছবিতে একটি মা হাঁস ও অনেকগুলো বাচ্চা হাঁস ঘাসের ওপর দেখা যাচ্ছে।'"," Q: ছবিটিতে কি দেখা যাচ্ছে?
A: ছবিটিতে একটি মা হাঁস ও তার ছানাদের দেখা যাচ্ছে।"
3269.jpg,"['চিকিৎসা সরঞ্জাম দেখা যাচ্ছে ।', 'অনেকগুলো ইনজেকশন দেখা যাচ্ছে ।', 'মোড়ককৃত ইনজেকশন দেখা যাচ্ছে ।', 'মোড়ককৃত চিকিৎসা সরঞ্জাম ।', 'সবুজ রঙের ইনজেকশন ।']","Q: 'ছবিতে কী ধরনের চিকিৎসা সরঞ্জাম দেখা যাচ্ছে?'
A: 'ছবিতে মোড়ককৃত ইনজেকশন দেখা যাচ্ছে।'"," Q: ছবিতে কি দেখা যাচ্ছে?
A: ছবিতে অনেকগুলো সবুজ রঙের ইনজেকশন দেখা যাচ্ছে৷"
3727.jpg,"['ছবিতে একটি ফুল দেখা যাচ্ছে ।', 'ফুলটির রং হালকা হলুদ ।', 'ছবির ফুলটির নাম জবা ।', 'ফুলটি দেখতে খুবই সুন্দর ।', 'ফুলটির রং হালকা হলুদ ।']","Q: 'ছবিতে দেখা যাওয়া ফুলটির নাম কি?'
A: 'ফুলটির নাম জবা।'"," Q: ছবিতে কী দেখা যাচ্ছে?
A: ছবিতে তিনটি ছেলেকে দেখা যাচ্ছে যারা হাত ধরে দাঁড়িয়ে আছে।"
3735.jpg,"['একটি খয়েরি রঙের টেবিল আছে ।', 'টেবিলের উপর একটি বাতি রয়েছে ।', 'বাটিটি দেখতে গোল ।', 'বাটির মধ্যে অনেক গুলি ডিম্ আছে ।', 'একটি খয়েরি রঙের টেবিল আছে ।']","Q: 'টেবিলের উপর থাকা বাটিটির ভিতরে কি আছে?'
A: 'বাটির ভিতরে অনেকগুলি ডিম আছে।'"," Q: টেবিলের উপর কি আছে?
A: টেবিলের উপর একটি বাটি আছে ।"
3877.jpg,"['দুজন মানুষ বসে পানির উপর দুটি হাস ভাসতে দেখছে ।', 'দুটি মানুষ পানির উপর দুটি হাস ভাসা দেখছে ।', 'দুটি হাসের ভাসমান দৃশ্য দুজন মানুষ দেখছে ।', 'দুটি হাস ভাসতে দেখছে দুজন মানুষ ।', 'দুজন মানুষ এবং দুটি হাস রয়েছে ।']","Q: 'ছবিটিতে কতজন মানুষ এবং কতটি হাস রয়েছে?'
A: 'ছবিটিতে দুজন মানুষ এবং দুটি হাস রয়েছে।'"," Q: দুটি মানুষ পানিতে কি ভাসতে দেখছে?
A: দুটি হাস।"
